{"domains":[{"Properties":{"highvalue":true,"name":"CONTROLLER.LOCAL","domain":"CONTROLLER.LOCAL","objectid":"S-1-5-21-849420856-2351964222-986696166","distinguishedname":"DC=CONTROLLER,DC=local","description":null,"functionallevel":"2016"},"Users":["S-1-5-21-849420856-2351964222-986696166-502","S-1-5-21-849420856-2351964222-986696166-1103","S-1-5-21-849420856-2351964222-986696166-1105","S-1-5-21-849420856-2351964222-986696166-1106","S-1-5-21-849420856-2351964222-986696166-1107","S-1-5-21-849420856-2351964222-986696166-1108","S-1-5-21-849420856-2351964222-986696166-500","S-1-5-21-849420856-2351964222-986696166-501","S-1-5-21-849420856-2351964222-986696166-1111"],"Computers":["S-1-5-21-849420856-2351964222-986696166-1109","S-1-5-21-849420856-2351964222-986696166-1110"],"ChildOus":["E52B0552-1AA4-43CC-88E9-74FD74256A71","0729E32A-F5A2-406B-B26D-8A5F256AE0B7"],"Trusts":[],"Links":[{"IsEnforced":false,"Guid":"E83BE019-610A-4E71-BCDC-D1153E0DEF01"},{"IsEnforced":false,"Guid":"5534D8CA-81B9-4F14-AA00-72FF968AF40D"}],"RemoteDesktopUsers":[],"LocalAdmins":[],"DcomUsers":[],"PSRemoteUsers":[],"ObjectIdentifier":"S-1-5-21-849420856-2351964222-986696166","Aces":[{"PrincipalSID":"CONTROLLER.LOCAL-S-1-5-32-544","PrincipalType":"Group","RightName":"Owner","AceType":"","IsInherited":false},{"PrincipalSID":"CONTROLLER.LOCAL-S-1-5-32-544","PrincipalType":"Group","RightName":"WriteDacl","AceType":"","IsInherited":false},{"PrincipalSID":"CONTROLLER.LOCAL-S-1-5-32-544","PrincipalType":"Group","RightName":"WriteOwner","AceType":"","IsInherited":false},{"PrincipalSID":"CONTROLLER.LOCAL-S-1-5-32-544","PrincipalType":"Group","RightName":"ExtendedRight","AceType":"All","IsInherited":false},{"PrincipalSID":"S-1-5-21-849420856-2351964222-986696166-512","PrincipalType":"Group","RightName":"WriteDacl","AceType":"","IsInherited":false},{"PrincipalSID":"S-1-5-21-849420856-2351964222-986696166-512","PrincipalType":"Group","RightName":"WriteOwner","AceType":"","IsInherited":false},{"PrincipalSID":"S-1-5-21-849420856-2351964222-986696166-512","PrincipalType":"Group","RightName":"ExtendedRight","AceType":"All","IsInherited":false},{"PrincipalSID":"S-1-5-21-849420856-2351964222-986696166-519","PrincipalType":"Group","RightName":"GenericAll","AceType":"","IsInherited":false},{"PrincipalSID":"CONTROLLER.LOCAL-S-1-5-9","PrincipalType":"Group","RightName":"ExtendedRight","AceType":"GetChanges","IsInherited":false},{"PrincipalSID":"CONTROLLER.LOCAL-S-1-5-32-544","PrincipalType":"Group","RightName":"ExtendedRight","AceType":"GetChangesAll","IsInherited":false},{"PrincipalSID":"CONTROLLER.LOCAL-S-1-5-32-544","PrincipalType":"Group","RightName":"ExtendedRight","AceType":"GetChanges","IsInherited":false},{"PrincipalSID":"S-1-5-21-849420856-2351964222-986696166-498","PrincipalType":"Group","RightName":"ExtendedRight","AceType":"GetChanges","IsInherited":false},{"PrincipalSID":"S-1-5-21-849420856-2351964222-986696166-516","PrincipalType":"Group","RightName":"ExtendedRight","AceType":"GetChangesAll","IsInherited":false}]}],"meta":{"count":1,"type":"domains","version":3}}
