{"gpos":[{"Properties":{"highvalue":false,"name":"DEFAULT DOMAIN POLICY@CONTROLLER.LOCAL","domain":"CONTROLLER.LOCAL","objectid":"5534D8CA-81B9-4F14-AA00-72FF968AF40D","distinguishedname":"CN={31B2F340-016D-11D2-945F-00C04FB984F9},CN=Policies,CN=System,DC=CONTROLLER,DC=local","description":null,"gpcpath":"\\\\CONTROLLER.local\\sysvol\\CONTROLLER.local\\Policies\\{31B2F340-016D-11D2-945F-00C04FB984F9}"},"ObjectIdentifier":"5534D8CA-81B9-4F14-AA00-72FF968AF40D","Aces":[{"PrincipalSID":"S-1-5-21-849420856-2351964222-986696166-512","PrincipalType":"Group","RightName":"Owner","AceType":"","IsInherited":false},{"PrincipalSID":"S-1-5-21-849420856-2351964222-986696166-512","PrincipalType":"Group","RightName":"WriteDacl","AceType":"","IsInherited":false},{"PrincipalSID":"S-1-5-21-849420856-2351964222-986696166-512","PrincipalType":"Group","RightName":"WriteOwner","AceType":"","IsInherited":false},{"PrincipalSID":"S-1-5-21-849420856-2351964222-986696166-512","PrincipalType":"Group","RightName":"GenericWrite","AceType":"","IsInherited":false},{"PrincipalSID":"S-1-5-21-849420856-2351964222-986696166-512","PrincipalType":"Group","RightName":"WriteDacl","AceType":"","IsInherited":false},{"PrincipalSID":"S-1-5-21-849420856-2351964222-986696166-512","PrincipalType":"Group","RightName":"WriteOwner","AceType":"","IsInherited":false},{"PrincipalSID":"S-1-5-21-849420856-2351964222-986696166-512","PrincipalType":"Group","RightName":"GenericWrite","AceType":"","IsInherited":false},{"PrincipalSID":"S-1-5-21-849420856-2351964222-986696166-519","PrincipalType":"Group","RightName":"WriteDacl","AceType":"","IsInherited":false},{"PrincipalSID":"S-1-5-21-849420856-2351964222-986696166-519","PrincipalType":"Group","RightName":"WriteOwner","AceType":"","IsInherited":false},{"PrincipalSID":"S-1-5-21-849420856-2351964222-986696166-519","PrincipalType":"Group","RightName":"GenericWrite","AceType":"","IsInherited":false}]},{"Properties":{"highvalue":false,"name":"DEFAULT DOMAIN CONTROLLERS POLICY@CONTROLLER.LOCAL","domain":"CONTROLLER.LOCAL","objectid":"B83DB698-8181-404D-8189-68CBEA2C6EB7","distinguishedname":"CN={6AC1786C-016F-11D2-945F-00C04fB984F9},CN=Policies,CN=System,DC=CONTROLLER,DC=local","description":null,"gpcpath":"\\\\CONTROLLER.local\\sysvol\\CONTROLLER.local\\Policies\\{6AC1786C-016F-11D2-945F-00C04fB984F9}"},"ObjectIdentifier":"B83DB698-8181-404D-8189-68CBEA2C6EB7","Aces":[{"PrincipalSID":"S-1-5-21-849420856-2351964222-986696166-512","PrincipalType":"Group","RightName":"Owner","AceType":"","IsInherited":false},{"PrincipalSID":"S-1-5-21-849420856-2351964222-986696166-512","PrincipalType":"Group","RightName":"WriteDacl","AceType":"","IsInherited":false},{"PrincipalSID":"S-1-5-21-849420856-2351964222-986696166-512","PrincipalType":"Group","RightName":"WriteOwner","AceType":"","IsInherited":false},{"PrincipalSID":"S-1-5-21-849420856-2351964222-986696166-512","PrincipalType":"Group","RightName":"GenericWrite","AceType":"","IsInherited":false},{"PrincipalSID":"S-1-5-21-849420856-2351964222-986696166-512","PrincipalType":"Group","RightName":"WriteDacl","AceType":"","IsInherited":false},{"PrincipalSID":"S-1-5-21-849420856-2351964222-986696166-512","PrincipalType":"Group","RightName":"WriteOwner","AceType":"","IsInherited":false},{"PrincipalSID":"S-1-5-21-849420856-2351964222-986696166-512","PrincipalType":"Group","RightName":"GenericWrite","AceType":"","IsInherited":false},{"PrincipalSID":"S-1-5-21-849420856-2351964222-986696166-519","PrincipalType":"Group","RightName":"WriteDacl","AceType":"","IsInherited":false},{"PrincipalSID":"S-1-5-21-849420856-2351964222-986696166-519","PrincipalType":"Group","RightName":"WriteOwner","AceType":"","IsInherited":false},{"PrincipalSID":"S-1-5-21-849420856-2351964222-986696166-519","PrincipalType":"Group","RightName":"GenericWrite","AceType":"","IsInherited":false}]},{"Properties":{"highvalue":false,"name":"DISABLE WINDOWS DEFENDER@CONTROLLER.LOCAL","domain":"CONTROLLER.LOCAL","objectid":"E83BE019-610A-4E71-BCDC-D1153E0DEF01","distinguishedname":"CN={555B4A57-194F-4561-8832-9ECEA12DA153},CN=Policies,CN=System,DC=CONTROLLER,DC=local","description":null,"gpcpath":"\\\\CONTROLLER.local\\SysVol\\CONTROLLER.local\\Policies\\{555B4A57-194F-4561-8832-9ECEA12DA153}"},"ObjectIdentifier":"E83BE019-610A-4E71-BCDC-D1153E0DEF01","Aces":[{"PrincipalSID":"S-1-5-21-849420856-2351964222-986696166-512","PrincipalType":"Group","RightName":"Owner","AceType":"","IsInherited":false},{"PrincipalSID":"S-1-5-21-849420856-2351964222-986696166-512","PrincipalType":"Group","RightName":"WriteDacl","AceType":"","IsInherited":false},{"PrincipalSID":"S-1-5-21-849420856-2351964222-986696166-512","PrincipalType":"Group","RightName":"WriteOwner","AceType":"","IsInherited":false},{"PrincipalSID":"S-1-5-21-849420856-2351964222-986696166-512","PrincipalType":"Group","RightName":"GenericWrite","AceType":"","IsInherited":false},{"PrincipalSID":"S-1-5-21-849420856-2351964222-986696166-519","PrincipalType":"Group","RightName":"WriteDacl","AceType":"","IsInherited":false},{"PrincipalSID":"S-1-5-21-849420856-2351964222-986696166-519","PrincipalType":"Group","RightName":"WriteOwner","AceType":"","IsInherited":false},{"PrincipalSID":"S-1-5-21-849420856-2351964222-986696166-519","PrincipalType":"Group","RightName":"GenericWrite","AceType":"","IsInherited":false}]}],"meta":{"count":3,"type":"gpos","version":3}}
